{
  "packages": [
    {
      "name": "CircuitneatoBoards",
      "maintainer": "Circuitneato Electronics",
      "websiteURL": "https://circuitneato.com",
      "email": "support@circuitneato.com",
      "platforms": [
        {
          "name": "Circuitneato AVR Boards",
          "architecture": "megaavr",
          "version": "1.0.0",
          "category": "Contributed",
          "url": "https://circuitneato.github.io/CircuitneatoBoards-1.0.0.zip",
          "archiveFileName": "CircuitneatoBoards-1.0.0.zip",
          "checksum": "SHA-256:142c4fd14329991643970b55d9baf300d131839c1cc6e9d16a9f9b1c921f41bb",
          "size": "1441846",
          "boards": [
            {"name": "Tineato 3226 5V/20MHz"},
            {"name": "Tineato 3226 3.3V/10MHz"}
          ],
          "toolsDependencies": [
            {
              "packager": "DxCore",
              "name": "avr-gcc",
              "version": "7.3.0-atmel3.6.1-azduino7b1"
            },
            {
              "packager": "DxCore",
              "name": "avrdude",
              "version": "6.3.0-arduino17or18"
            },
            {
              "packager": "arduino",
              "name": "arduinoOTA",
              "version": "1.3.0"
            },
            {
              "packager": "megaTinyCore",
              "version": "3.7.2-post1",
              "name": "python3"
            }
          ]
        }
      ],
      "tools": [
        {
          "version": "3.7.2-post1",
          "name": "python3",
          "systems": [
            {
              "host": "x86_64-mingw32",
              "url": "https://github.com/earlephilhower/esp-quick-toolchain/releases/download/2.5.0-4/python3-3.7.2.post1-embed-win32v2a.zip",
              "archiveFileName": "python3-3.7.2.post1-embed-win32v2a.zip",
              "checksum": "SHA-256:f57cb2daf86176d2929e7c58990c2ac32554e3219d454dcac10e464ddda35bf2",
              "size": "6428926"
            },
            {
              "host": "i686-mingw32",
              "url": "https://github.com/earlephilhower/esp-quick-toolchain/releases/download/2.5.0-4/python3-3.7.2.post1-embed-win32v2a.zip",
              "archiveFileName": "python3-3.7.2.post1-embed-win32va2.zip",
              "checksum": "SHA-256:f57cb2daf86176d2929e7c58990c2ac32554e3219d454dcac10e464ddda35bf2",
              "size": "6428926"
            },
            {
              "host": "aarch64-linux-gnu",
              "url": "https://github.com/earlephilhower/esp-quick-toolchain/releases/download/2.5.0-4/python3-via-env.tar.gz",
              "archiveFileName": "python3-via-env.tar.gz",
              "checksum": "SHA-256:c9237bfe0f62842d7187a39495baa4a7e3ab8b87c0b433614294b023cf0bc0f3",
              "size": "292"
            },
            {
              "host": "arm-linux-gnueabihf",
              "url": "https://github.com/earlephilhower/esp-quick-toolchain/releases/download/2.5.0-4/python3-via-env.tar.gz",
              "archiveFileName": "python3-via-env.tar.gz",
              "checksum": "SHA-256:c9237bfe0f62842d7187a39495baa4a7e3ab8b87c0b433614294b023cf0bc0f3",
              "size": "292"
            },
            {
              "host": "i686-pc-linux-gnu",
              "url": "https://github.com/earlephilhower/esp-quick-toolchain/releases/download/2.5.0-4/python3-via-env.tar.gz",
              "archiveFileName": "python3-via-env.tar.gz",
              "checksum": "SHA-256:c9237bfe0f62842d7187a39495baa4a7e3ab8b87c0b433614294b023cf0bc0f3",
              "size": "292"
            },
            {
              "host": "x86_64-apple-darwin",
              "url": "https://github.com/earlephilhower/esp-quick-toolchain/releases/download/2.5.0-4/python3-macosx-portable.tar.gz",
              "archiveFileName": "python3-macosx-portable.tar.gz",
              "checksum": "SHA-256:01a5bf1fa264c6f04cfaadf4c6e9f6caaacb6833ef40104dfbe953fcdb9bca1c",
              "size": "25494144"
            },
            {
              "host": "x86_64-pc-linux-gnu",
              "url": "https://github.com/earlephilhower/esp-quick-toolchain/releases/download/2.5.0-4/python3-via-env.tar.gz",
              "archiveFileName": "python3-via-env.tar.gz",
              "checksum": "SHA-256:c9237bfe0f62842d7187a39495baa4a7e3ab8b87c0b433614294b023cf0bc0f3",
              "size": "292"
            }
          ]
        }
      ]
    }
  ]
}